<?xml version="1.0" encoding="UTF-8"?>

<configuration>

	<!-- [公共Appender] 控制台STDOUT -->
	<appender name="APP-STDOUT-APPENDER" class="ch.qos.logback.core.ConsoleAppender">
		<filter class="ch.qos.logback.classic.filter.LevelFilter">
			<level>ERROR</level>
			<onMatch>DENY</onMatch>
			<onMismatch>NEUTRAL</onMismatch>
		</filter>
		<target>System.out</target>
		<encoder>
			<pattern>[%d{yyyy-MM-dd HH:mm:ss.SSS}] [%p] [%t] [%c{0}] [%L] [%m]%n
			</pattern>
			<charset>UTF-8</charset>
		</encoder>
	</appender>

	<!-- [公共Appender] 控制台STDERR -->
	<appender name="APP-STDERR-APPENDER" class="ch.qos.logback.core.ConsoleAppender">
		<filter class="ch.qos.logback.classic.filter.ThresholdFilter">
			<level>ERROR</level>
		</filter>
		<target>System.err</target>
		<encoder>
			<pattern>[%d{yyyy-MM-dd HH:mm:ss.SSS}] [%p] [%t] [%c{0}] [%L] [%m]%n
			</pattern>
			<charset>UTF-8</charset>
		</encoder>
	</appender>

	<!-- [公共Appender] 应用默认 -->
	<appender name="APP-DEFAULT-APPENDER"
		class="ch.qos.logback.core.rolling.RollingFileAppender">
		<file>/logs/ontology/iwc_nlp_index_tag_platform/iwc_nlp_index_tag_platform.log</file>
		<rollingPolicy class="ch.qos.logback.core.rolling.TimeBasedRollingPolicy">
			<fileNamePattern>/logs/ontology/iwc_nlp_index_tag_platform/iwc_nlp_index_tag_platform.log.%d{yyyyMMddHH}
			</fileNamePattern>
			<maxHistory>720</maxHistory>
		</rollingPolicy>
		<append>true</append>
		<encoder>
			<pattern>[%d{yyyy-MM-dd HH:mm:ss.SSS}] [%p] [%t] [%c{0}] [%L] [%m]%n
			</pattern>
			<charset>UTF-8</charset>
		</encoder>
	</appender>

	<!-- [公共Appender] 应用错误 -->
	<appender name="APP-ERROR-APPENDER"
		class="ch.qos.logback.core.rolling.RollingFileAppender">
		<filter class="ch.qos.logback.classic.filter.ThresholdFilter">
			<level>ERROR</level>
		</filter>
		<file>/logs/ontology/iwc_nlp_index_tag_platform/iwc_nlp_index_tag_platform-error.log
		</file>
		<rollingPolicy class="ch.qos.logback.core.rolling.TimeBasedRollingPolicy">
			<fileNamePattern>/logs/ontology/iwc_nlp_index_tag_platform/iwc_nlp_index_tag_platform-error.log.%d{yyyyMMddHH}
			</fileNamePattern>
			<maxHistory>720</maxHistory>
		</rollingPolicy>
		<append>true</append>
		<encoder>
			<pattern>[%d{yyyy-MM-dd HH:mm:ss.SSS}] [%p] [%t] [%c{0}] [%L] [%m]%n
			</pattern>
			<charset>UTF-8</charset>
		</encoder>
	</appender>

	<!-- [公共Appender] 应用跟踪 -->
	<appender name="APP-STATS-APPENDER"
		class="ch.qos.logback.core.rolling.RollingFileAppender">
		<file>/logs/ontology/iwc_nlp_index_tag_platform/monitor/monitor.log</file>
		<rollingPolicy class="ch.qos.logback.core.rolling.TimeBasedRollingPolicy">
			<fileNamePattern>/logs/ontology/iwc_nlp_index_tag_platform/monitor/monitor.log.%d{yyyyMMddHH}
			</fileNamePattern>
			<maxHistory>720</maxHistory>
		</rollingPolicy>
		<append>true</append>
		<encoder>
			<pattern>%m%n</pattern>
			<charset>UTF-8</charset>
		</encoder>
	</appender>
	<logger name="APP-STATS-LOGGER" additivity="false" level="INFO">
		<appender-ref ref="APP-STATS-APPENDER" />
	</logger>
	<logger name="APP-TRACE-LOGGER" additivity="false" level="INFO">
		<appender-ref ref="APP-STATS-APPENDER"></appender-ref>
	</logger>
	<appender name="APP-DATA-APPENDER"
		class="ch.qos.logback.core.rolling.RollingFileAppender">
		<file>/logs/ontology/iwc_nlp_index_tag_platform/iwc_nlp_index_tag_platform_data.log</file>
		<rollingPolicy class="ch.qos.logback.core.rolling.TimeBasedRollingPolicy">
			<fileNamePattern>/logs/ontology/iwc_nlp_index_tag_platform/iwc_nlp_index_tag_platform_data.log.%d{yyyyMMddHH}
			</fileNamePattern>
			<maxHistory>720</maxHistory>
		</rollingPolicy>
		<append>true</append>
		<encoder>
			<pattern>[%d{yyyy-MM-dd HH:mm:ss.SSS}] [%p] [%t] [%c{0}] [%L] [%m]%n
			</pattern>
			<charset>UTF-8</charset>
		</encoder>
	</appender>
	<logger name="com.myhexin.util.LogPrinter" level="INFO"
		additivty="false">
		<appender-ref ref="APP-DATA-APPENDER" />
	</logger>
	<!-- [公共Appender] 应用默认 -->
	<!-- ===================================================================== -->
	<!-- Root logger -->
	<!-- ===================================================================== -->
	<root>
		<level value="INFO" />
		<appender-ref ref="APP-DEFAULT-APPENDER" />
		<!-- <appender-ref ref="APP-ERROR-APPENDER" /> -->
		<springProfile name="dev">
			<appender-ref ref="APP-STDOUT-APPENDER" />
			<appender-ref ref="APP-STDERR-APPENDER" />
		</springProfile>
	</root>

</configuration>