000001.SZ,平安银行,abs_股票领域
000002.SZ,万科A,abs_股票领域
000004.SZ,国农科技,abs_股票领域
000005.SZ,世纪星源,abs_股票领域
000006.SZ,深振业A,abs_股票领域
000007.SZ,全新好,abs_股票领域
000008.SZ,神州高铁,abs_股票领域
000009.SZ,中国宝安,abs_股票领域
000010.SZ,美丽生态,abs_股票领域
000011.SZ,深物业A,abs_股票领域
000012.SZ,南玻A,abs_股票领域
000014.SZ,沙河股份,abs_股票领域
000016.SZ,深康佳A,abs_股票领域
000017.SZ,深中华A,abs_股票领域
000018.SZ,神州长城,abs_股票领域
000019.SZ,深深宝A,abs_股票领域
000020.SZ,深华发A,abs_股票领域
000021.SZ,深科技,abs_股票领域
000022.SZ,深赤湾A,abs_股票领域
000023.SZ,深天地A,abs_股票领域
000025.SZ,特力A,abs_股票领域
000026.SZ,飞亚达A,abs_股票领域
000027.SZ,深圳能源,abs_股票领域
000028.SZ,国药一致,abs_股票领域
000029.SZ,深深房A,abs_股票领域
000030.SZ,富奥股份,abs_股票领域
000031.SZ,中粮地产,abs_股票领域
000032.SZ,深桑达A,abs_股票领域
000034.SZ,神州数码,abs_股票领域
000035.SZ,中国天楹,abs_股票领域
000036.SZ,华联控股,abs_股票领域
000037.SZ,深南电A,abs_股票领域
000038.SZ,深大通,abs_股票领域
000039.SZ,中集集团,abs_股票领域
000040.SZ,东旭蓝天,abs_股票领域
000042.SZ,中洲控股,abs_股票领域
000043.SZ,中航地产,abs_股票领域
000045.SZ,深纺织A,abs_股票领域
000046.SZ,泛海控股,abs_股票领域
000048.SZ,康达尔,abs_股票领域
000049.SZ,德赛电池,abs_股票领域
000050.SZ,深天马A,abs_股票领域
000055.SZ,方大集团,abs_股票领域
000056.SZ,皇庭国际,abs_股票领域
000058.SZ,深赛格,abs_股票领域
000059.SZ,华锦股份,abs_股票领域
000060.SZ,中金岭南,abs_股票领域
000061.SZ,农产品,abs_股票领域
000062.SZ,深圳华强,abs_股票领域
000063.SZ,中兴通讯,abs_股票领域
000065.SZ,北方国际,abs_股票领域
000066.SZ,中国长城,abs_股票领域
000068.SZ,华控赛格,abs_股票领域
000069.SZ,华侨城A,abs_股票领域
000070.SZ,特发信息,abs_股票领域
000078.SZ,海王生物,abs_股票领域
000088.SZ,盐田港,abs_股票领域
000089.SZ,深圳机场,abs_股票领域
000090.SZ,天健集团,abs_股票领域
000096.SZ,广聚能源,abs_股票领域
000099.SZ,中信海直,abs_股票领域
000100.SZ,TCL集团,abs_股票领域
000150.SZ,宜华健康,abs_股票领域
000151.SZ,中成股份,abs_股票领域
000153.SZ,丰原药业,abs_股票领域
000155.SZ,川化股份,abs_股票领域
000156.SZ,华数传媒,abs_股票领域
000157.SZ,中联重科,abs_股票领域
000158.SZ,常山北明,abs_股票领域
000159.SZ,国际实业,abs_股票领域
000166.SZ,申万宏源,abs_股票领域
000301.SZ,东方市场,abs_股票领域
000333.SZ,美的集团,abs_股票领域
000338.SZ,潍柴动力,abs_股票领域
000400.SZ,许继电气,abs_股票领域
000401.SZ,冀东水泥,abs_股票领域
000402.SZ,金融街,abs_股票领域
000403.SZ,ST生化,abs_股票领域
000404.SZ,华意压缩,abs_股票领域
000407.SZ,胜利股份,abs_股票领域
000408.SZ,藏格控股,abs_股票领域
000409.SZ,山东地矿,abs_股票领域
000410.SZ,沈阳机床,abs_股票领域
000411.SZ,英特集团,abs_股票领域
000413.SZ,东旭光电,abs_股票领域
000415.SZ,渤海金控,abs_股票领域
000416.SZ,民生控股,abs_股票领域
000417.SZ,合肥百货,abs_股票领域
000418.SZ,小天鹅A,abs_股票领域
000419.SZ,通程控股,abs_股票领域
000420.SZ,吉林化纤,abs_股票领域
000421.SZ,南京公用,abs_股票领域
000422.SZ,*ST宜化,abs_股票领域
000423.SZ,东阿阿胶,abs_股票领域
000425.SZ,徐工机械,abs_股票领域
000426.SZ,兴业矿业,abs_股票领域
000428.SZ,华天酒店,abs_股票领域
000429.SZ,粤高速A,abs_股票领域
000430.SZ,张家界,abs_股票领域
000488.SZ,晨鸣纸业,abs_股票领域
000498.SZ,山东路桥,abs_股票领域
000501.SZ,鄂武商A,abs_股票领域
000502.SZ,绿景控股,abs_股票领域
000503.SZ,海虹控股,abs_股票领域
000504.SZ,南华生物,abs_股票领域
000505.SZ,京粮控股,abs_股票领域
000506.SZ,中润资源,abs_股票领域
000507.SZ,珠海港,abs_股票领域
000509.SZ,华塑控股,abs_股票领域
000510.SZ,金路集团,abs_股票领域
000511.SZ,*ST烯碳,abs_股票领域
000513.SZ,丽珠集团,abs_股票领域
000514.SZ,渝开发,abs_股票领域
000516.SZ,国际医学,abs_股票领域
000517.SZ,荣安地产,abs_股票领域
000518.SZ,四环生物,abs_股票领域
000519.SZ,中兵红箭,abs_股票领域
000520.SZ,长航凤凰,abs_股票领域
000521.SZ,美菱电器,abs_股票领域
000523.SZ,广州浪奇,abs_股票领域
000524.SZ,岭南控股,abs_股票领域
000525.SZ,红太阳,abs_股票领域
000526.SZ,*ST紫学,abs_股票领域
000528.SZ,柳工,abs_股票领域
000529.SZ,广弘控股,abs_股票领域
000530.SZ,大冷股份,abs_股票领域
000531.SZ,穗恒运A,abs_股票领域
000532.SZ,华金资本,abs_股票领域
000533.SZ,万家乐,abs_股票领域
000534.SZ,万泽股份,abs_股票领域
000536.SZ,华映科技,abs_股票领域
000537.SZ,广宇发展,abs_股票领域
000538.SZ,云南白药,abs_股票领域
000539.SZ,粤电力A,abs_股票领域
000540.SZ,中天金融,abs_股票领域
000541.SZ,佛山照明,abs_股票领域
000543.SZ,皖能电力,abs_股票领域
000544.SZ,中原环保,abs_股票领域
000545.SZ,金浦钛业,abs_股票领域
000546.SZ,金圆股份,abs_股票领域
000547.SZ,航天发展,abs_股票领域
000548.SZ,湖南投资,abs_股票领域
000550.SZ,江铃汽车,abs_股票领域
000551.SZ,创元科技,abs_股票领域
000552.SZ,靖远煤电,abs_股票领域
000553.SZ,沙隆达A,abs_股票领域
000554.SZ,泰山石油,abs_股票领域
000555.SZ,神州信息,abs_股票领域
000557.SZ,西部创业,abs_股票领域
000558.SZ,莱茵体育,abs_股票领域
000559.SZ,万向钱潮,abs_股票领域
000560.SZ,我爱我家,abs_股票领域
000561.SZ,烽火电子,abs_股票领域
000563.SZ,陕国投A,abs_股票领域
000564.SZ,供销大集,abs_股票领域
000565.SZ,渝三峡A,abs_股票领域
000566.SZ,海南海药,abs_股票领域
000567.SZ,海德股份,abs_股票领域
000568.SZ,泸州老窖,abs_股票领域
000570.SZ,苏常柴A,abs_股票领域
000571.SZ,新大洲A,abs_股票领域
000572.SZ,海马汽车,abs_股票领域
000573.SZ,粤宏远A,abs_股票领域
000576.SZ,广东甘化,abs_股票领域
000581.SZ,威孚高科,abs_股票领域
000582.SZ,北部湾港,abs_股票领域
000584.SZ,哈工智能,abs_股票领域
000585.SZ,*ST东电,abs_股票领域
000586.SZ,汇源通信,abs_股票领域
000587.SZ,金洲慈航,abs_股票领域
000589.SZ,黔轮胎A,abs_股票领域
000590.SZ,启迪古汉,abs_股票领域
000591.SZ,太阳能,abs_股票领域
000592.SZ,平潭发展,abs_股票领域
000593.SZ,大通燃气,abs_股票领域
000595.SZ,宝塔实业,abs_股票领域
000596.SZ,古井贡酒,abs_股票领域
000597.SZ,东北制药,abs_股票领域
000598.SZ,兴蓉环境,abs_股票领域
000599.SZ,青岛双星,abs_股票领域
000600.SZ,建投能源,abs_股票领域
000601.SZ,韶能股份,abs_股票领域
000603.SZ,盛达矿业,abs_股票领域
000605.SZ,渤海股份,abs_股票领域
000606.SZ,神州易桥,abs_股票领域
000607.SZ,华媒控股,abs_股票领域
000608.SZ,阳光股份,abs_股票领域
000609.SZ,中迪投资,abs_股票领域
000610.SZ,西安旅游,abs_股票领域
000611.SZ,天首发展,abs_股票领域
000612.SZ,焦作万方,abs_股票领域
000613.SZ,大东海A,abs_股票领域
000615.SZ,京汉股份,abs_股票领域
000616.SZ,海航投资,abs_股票领域
000617.SZ,中油资本,abs_股票领域
000619.SZ,海螺型材,abs_股票领域
000620.SZ,新华联,abs_股票领域
000622.SZ,恒立实业,abs_股票领域
000623.SZ,吉林敖东,abs_股票领域
000625.SZ,长安汽车,abs_股票领域
000626.SZ,远大控股,abs_股票领域
000627.SZ,天茂集团,abs_股票领域
000628.SZ,高新发展,abs_股票领域
000629.SZ,*ST钒钛,abs_股票领域
000630.SZ,铜陵有色,abs_股票领域
000631.SZ,顺发恒业,abs_股票领域
000632.SZ,三木集团,abs_股票领域
000633.SZ,合金投资,abs_股票领域
000635.SZ,英力特,abs_股票领域
000636.SZ,风华高科,abs_股票领域
000637.SZ,茂化实华,abs_股票领域
000638.SZ,万方发展,abs_股票领域
000639.SZ,西王食品,abs_股票领域
000650.SZ,仁和药业,abs_股票领域
000651.SZ,格力电器,abs_股票领域
000652.SZ,泰达股份,abs_股票领域
000655.SZ,*ST金岭,abs_股票领域
000656.SZ,金科股份,abs_股票领域
000657.SZ,中钨高新,abs_股票领域
000659.SZ,珠海中富,abs_股票领域
000661.SZ,长春高新,abs_股票领域
000662.SZ,天夏智慧,abs_股票领域
000663.SZ,永安林业,abs_股票领域
000665.SZ,湖北广电,abs_股票领域
000666.SZ,经纬纺机,abs_股票领域
000667.SZ,美好置业,abs_股票领域
000668.SZ,荣丰控股,abs_股票领域
000669.SZ,金鸿控股,abs_股票领域
000670.SZ,盈方微,abs_股票领域
000671.SZ,阳光城,abs_股票领域
000672.SZ,上峰水泥,abs_股票领域
000673.SZ,当代东方,abs_股票领域
000676.SZ,智度股份,abs_股票领域
000677.SZ,恒天海龙,abs_股票领域
000678.SZ,襄阳轴承,abs_股票领域
000679.SZ,大连友谊,abs_股票领域
000680.SZ,山推股份,abs_股票领域
000681.SZ,视觉中国,abs_股票领域
000682.SZ,东方电子,abs_股票领域
000683.SZ,远兴能源,abs_股票领域
000685.SZ,中山公用,abs_股票领域
000686.SZ,东北证券,abs_股票领域
000687.SZ,华讯方舟,abs_股票领域
000688.SZ,建新矿业,abs_股票领域
000690.SZ,宝新能源,abs_股票领域
000691.SZ,亚太实业,abs_股票领域
000692.SZ,惠天热电,abs_股票领域
000693.SZ,*ST华泽,abs_股票领域
000695.SZ,滨海能源,abs_股票领域
000697.SZ,炼石有色,abs_股票领域
000698.SZ,沈阳化工,abs_股票领域
000700.SZ,模塑科技,abs_股票领域
000701.SZ,厦门信达,abs_股票领域
000702.SZ,正虹科技,abs_股票领域
000703.SZ,恒逸石化,abs_股票领域
000705.SZ,浙江震元,abs_股票领域
000707.SZ,*ST双环,abs_股票领域
000708.SZ,大冶特钢,abs_股票领域
000709.SZ,河钢股份,abs_股票领域
000710.SZ,贝瑞基因,abs_股票领域
000711.SZ,京蓝科技,abs_股票领域
000712.SZ,锦龙股份,abs_股票领域
000713.SZ,丰乐种业,abs_股票领域
000715.SZ,中兴商业,abs_股票领域
000716.SZ,黑芝麻,abs_股票领域
000717.SZ,韶钢松山,abs_股票领域
000718.SZ,苏宁环球,abs_股票领域
000719.SZ,中原传媒,abs_股票领域
000720.SZ,*ST新能,abs_股票领域
000721.SZ,西安饮食,abs_股票领域
000722.SZ,湖南发展,abs_股票领域
000723.SZ,美锦能源,abs_股票领域
000725.SZ,京东方A,abs_股票领域
000726.SZ,鲁泰A,abs_股票领域
000727.SZ,华东科技,abs_股票领域
000728.SZ,国元证券,abs_股票领域
000729.SZ,燕京啤酒,abs_股票领域
000731.SZ,四川美丰,abs_股票领域
000732.SZ,泰禾集团,abs_股票领域
000733.SZ,振华科技,abs_股票领域
000735.SZ,罗牛山,abs_股票领域
000736.SZ,中交地产,abs_股票领域
000737.SZ,*ST南风,abs_股票领域
000738.SZ,航发控制,abs_股票领域
000739.SZ,普洛药业,abs_股票领域
000750.SZ,国海证券,abs_股票领域
000751.SZ,锌业股份,abs_股票领域
000752.SZ,西藏发展,abs_股票领域
000753.SZ,漳州发展,abs_股票领域
000755.SZ,*ST三维,abs_股票领域
000756.SZ,新华制药,abs_股票领域
000757.SZ,浩物股份,abs_股票领域
000758.SZ,中色股份,abs_股票领域
000759.SZ,中百集团,abs_股票领域
000760.SZ,斯太尔,abs_股票领域
000761.SZ,本钢板材,abs_股票领域
000762.SZ,西藏矿业,abs_股票领域
000766.SZ,通化金马,abs_股票领域
000767.SZ,漳泽电力,abs_股票领域
000768.SZ,中航飞机,abs_股票领域
000776.SZ,广发证券,abs_股票领域
000777.SZ,中核科技,abs_股票领域
000778.SZ,新兴铸管,abs_股票领域
000779.SZ,三毛派神,abs_股票领域
000780.SZ,平庄能源,abs_股票领域
000782.SZ,美达股份,abs_股票领域
000783.SZ,长江证券,abs_股票领域
000785.SZ,武汉中商,abs_股票领域
000786.SZ,北新建材,abs_股票领域
000788.SZ,北大医药,abs_股票领域
000789.SZ,万年青,abs_股票领域
000790.SZ,泰合健康,abs_股票领域
000791.SZ,甘肃电投,abs_股票领域
000792.SZ,盐湖股份,abs_股票领域
000793.SZ,华闻传媒,abs_股票领域
000795.SZ,英洛华,abs_股票领域
000796.SZ,凯撒旅游,abs_股票领域
000797.SZ,中国武夷,abs_股票领域
000798.SZ,中水渔业,abs_股票领域
000799.SZ,酒鬼酒,abs_股票领域
000800.SZ,一汽轿车,abs_股票领域
000801.SZ,四川九洲,abs_股票领域
000802.SZ,北京文化,abs_股票领域
000803.SZ,*ST金宇,abs_股票领域
000806.SZ,银河生物,abs_股票领域
000807.SZ,云铝股份,abs_股票领域
000809.SZ,*ST新城,abs_股票领域
000810.SZ,创维数字,abs_股票领域
000811.SZ,冰轮环境,abs_股票领域
000812.SZ,陕西金叶,abs_股票领域
000813.SZ,德展健康,abs_股票领域
000815.SZ,美利云,abs_股票领域
000816.SZ,*ST慧业,abs_股票领域
000818.SZ,航锦科技,abs_股票领域
000819.SZ,岳阳兴长,abs_股票领域
000820.SZ,神雾节能,abs_股票领域
000821.SZ,京山轻机,abs_股票领域
000822.SZ,山东海化,abs_股票领域
000823.SZ,超声电子,abs_股票领域
000825.SZ,太钢不锈,abs_股票领域
000826.SZ,启迪桑德,abs_股票领域
000828.SZ,东莞控股,abs_股票领域
000829.SZ,天音控股,abs_股票领域
000830.SZ,鲁西化工,abs_股票领域
000831.SZ,五矿稀土,abs_股票领域
000833.SZ,贵糖股份,abs_股票领域
000835.SZ,长城动漫,abs_股票领域
000836.SZ,鑫茂科技,abs_股票领域
000837.SZ,秦川机床,abs_股票领域
000838.SZ,财信发展,abs_股票领域
000839.SZ,中信国安,abs_股票领域
000848.SZ,承德露露,abs_股票领域
000850.SZ,华茂股份,abs_股票领域
000851.SZ,高鸿股份,abs_股票领域
000852.SZ,石化机械,abs_股票领域
000856.SZ,冀东装备,abs_股票领域
000858.SZ,五粮液,abs_股票领域
000859.SZ,国风塑业,abs_股票领域
000860.SZ,顺鑫农业,abs_股票领域
000861.SZ,海印股份,abs_股票领域
000862.SZ,银星能源,abs_股票领域
000863.SZ,三湘印象,abs_股票领域
000868.SZ,安凯客车,abs_股票领域
000869.SZ,张裕A,abs_股票领域
000875.SZ,吉电股份,abs_股票领域
000876.SZ,新希望,abs_股票领域
000877.SZ,天山股份,abs_股票领域
000878.SZ,云南铜业,abs_股票领域
000880.SZ,潍柴重机,abs_股票领域
000881.SZ,中广核技,abs_股票领域
000882.SZ,华联股份,abs_股票领域
000883.SZ,湖北能源,abs_股票领域
000885.SZ,同力水泥,abs_股票领域
000886.SZ,海南高速,abs_股票领域
000887.SZ,中鼎股份,abs_股票领域
000888.SZ,峨眉山A,abs_股票领域
000889.SZ,茂业通信,abs_股票领域
000890.SZ,法尔胜,abs_股票领域
000892.SZ,欢瑞世纪,abs_股票领域
000893.SZ,*ST东凌,abs_股票领域
000895.SZ,双汇发展,abs_股票领域
000897.SZ,津滨发展,abs_股票领域
000898.SZ,鞍钢股份,abs_股票领域
000899.SZ,赣能股份,abs_股票领域
000900.SZ,现代投资,abs_股票领域
000901.SZ,航天科技,abs_股票领域
000902.SZ,新洋丰,abs_股票领域
000903.SZ,云内动力,abs_股票领域
000905.SZ,厦门港务,abs_股票领域
000906.SZ,浙商中拓,abs_股票领域
000908.SZ,景峰医药,abs_股票领域
000909.SZ,数源科技,abs_股票领域
000910.SZ,大亚圣象,abs_股票领域
000911.SZ,南宁糖业,abs_股票领域
000912.SZ,*ST天化,abs_股票领域
000913.SZ,钱江摩托,abs_股票领域
000915.SZ,山大华特,abs_股票领域
000917.SZ,电广传媒,abs_股票领域
000918.SZ,嘉凯城,abs_股票领域
000919.SZ,金陵药业,abs_股票领域
000920.SZ,南方汇通,abs_股票领域
000921.SZ,海信科龙,abs_股票领域
000922.SZ,*ST佳电,abs_股票领域
000923.SZ,河北宣工,abs_股票领域
000925.SZ,众合科技,abs_股票领域
000926.SZ,福星股份,abs_股票领域
000927.SZ,一汽夏利,abs_股票领域
000928.SZ,中钢国际,abs_股票领域
000929.SZ,兰州黄河,abs_股票领域
000930.SZ,中粮生化,abs_股票领域
000931.SZ,中关村,abs_股票领域
000932.SZ,华菱钢铁,abs_股票领域
000933.SZ,神火股份,abs_股票领域
000935.SZ,四川双马,abs_股票领域
000936.SZ,华西股份,abs_股票领域
000937.SZ,冀中能源,abs_股票领域
000938.SZ,紫光股份,abs_股票领域
000939.SZ,凯迪生态,abs_股票领域
000948.SZ,南天信息,abs_股票领域
000949.SZ,新乡化纤,abs_股票领域
000950.SZ,*ST建峰,abs_股票领域
000951.SZ,中国重汽,abs_股票领域
000952.SZ,广济药业,abs_股票领域
000953.SZ,*ST河化,abs_股票领域
000955.SZ,欣龙控股,abs_股票领域
000957.SZ,中通客车,abs_股票领域
000958.SZ,东方能源,abs_股票领域
000959.SZ,首钢股份,abs_股票领域
000960.SZ,锡业股份,abs_股票领域
000961.SZ,中南建设,abs_股票领域
000962.SZ,东方钽业,abs_股票领域
000963.SZ,华东医药,abs_股票领域
000965.SZ,天保基建,abs_股票领域
000966.SZ,长源电力,abs_股票领域
000967.SZ,盈峰环境,abs_股票领域
000968.SZ,蓝焰控股,abs_股票领域
000969.SZ,安泰科技,abs_股票领域
000970.SZ,中科三环,abs_股票领域
000971.SZ,高升控股,abs_股票领域
000972.SZ,*ST中基,abs_股票领域
000973.SZ,佛塑科技,abs_股票领域
000975.SZ,银泰资源,abs_股票领域
000976.SZ,华铁股份,abs_股票领域
000977.SZ,浪潮信息,abs_股票领域
000978.SZ,桂林旅游,abs_股票领域
000979.SZ,中弘股份,abs_股票领域
000980.SZ,众泰汽车,abs_股票领域
000981.SZ,银亿股份,abs_股票领域
000982.SZ,*ST中绒,abs_股票领域
000983.SZ,西山煤电,abs_股票领域
000985.SZ,大庆华科,abs_股票领域
000987.SZ,越秀金控,abs_股票领域
000988.SZ,华工科技,abs_股票领域
000989.SZ,九芝堂,abs_股票领域
000990.SZ,诚志股份,abs_股票领域
000993.SZ,闽东电力,abs_股票领域
000995.SZ,*ST皇台,abs_股票领域
000996.SZ,中国中期,abs_股票领域
000997.SZ,新大陆,abs_股票领域
000998.SZ,隆平高科,abs_股票领域
000999.SZ,华润三九,abs_股票领域
001696.SZ,宗申动力,abs_股票领域
001896.SZ,豫能控股,abs_股票领域
001965.SZ,招商公路,abs_股票领域
001979.SZ,招商蛇口,abs_股票领域
002001.SZ,新和成,abs_股票领域
002002.SZ,鸿达兴业,abs_股票领域
002003.SZ,伟星股份,abs_股票领域
002004.SZ,华邦健康,abs_股票领域
002005.SZ,德豪润达,abs_股票领域
002006.SZ,精功科技,abs_股票领域
002007.SZ,华兰生物,abs_股票领域
002008.SZ,大族激光,abs_股票领域
002009.SZ,天奇股份,abs_股票领域
002010.SZ,传化智联,abs_股票领域
002011.SZ,盾安环境,abs_股票领域
002012.SZ,凯恩股份,abs_股票领域
002013.SZ,中航机电,abs_股票领域
002014.SZ,永新股份,abs_股票领域
002015.SZ,霞客环保,abs_股票领域
002016.SZ,世荣兆业,abs_股票领域
002017.SZ,东信和平,abs_股票领域
002018.SZ,*ST华信,abs_股票领域
002019.SZ,亿帆医药,abs_股票领域
002020.SZ,京新药业,abs_股票领域
002021.SZ,中捷资源,abs_股票领域
002022.SZ,科华生物,abs_股票领域
002023.SZ,海特高新,abs_股票领域
002024.SZ,苏宁易购,abs_股票领域
002025.SZ,航天电器,abs_股票领域
002026.SZ,山东威达,abs_股票领域
002027.SZ,分众传媒,abs_股票领域
002028.SZ,思源电气,abs_股票领域
002029.SZ,七匹狼,abs_股票领域
002030.SZ,达安基因,abs_股票领域
002031.SZ,巨轮智能,abs_股票领域
002032.SZ,苏泊尔,abs_股票领域
002033.SZ,丽江旅游,abs_股票领域
002034.SZ,旺能环境,abs_股票领域
002035.SZ,华帝股份,abs_股票领域
002036.SZ,联创电子,abs_股票领域
002037.SZ,久联发展,abs_股票领域
002038.SZ,双鹭药业,abs_股票领域
002039.SZ,黔源电力,abs_股票领域
002040.SZ,南京港,abs_股票领域
002041.SZ,登海种业,abs_股票领域
002042.SZ,华孚时尚,abs_股票领域
002043.SZ,兔宝宝,abs_股票领域
002044.SZ,美年健康,abs_股票领域
002045.SZ,国光电器,abs_股票领域
002046.SZ,轴研科技,abs_股票领域
002047.SZ,宝鹰股份,abs_股票领域
002048.SZ,宁波华翔,abs_股票领域
002049.SZ,紫光国微,abs_股票领域
002050.SZ,三花智控,abs_股票领域
002051.SZ,中工国际,abs_股票领域
002052.SZ,同洲电子,abs_股票领域
002053.SZ,云南能投,abs_股票领域
002054.SZ,德美化工,abs_股票领域
002055.SZ,得润电子,abs_股票领域
002056.SZ,横店东磁,abs_股票领域
002057.SZ,中钢天源,abs_股票领域
002058.SZ,威尔泰,abs_股票领域
002059.SZ,云南旅游,abs_股票领域
002060.SZ,粤水电,abs_股票领域
002061.SZ,浙江交科,abs_股票领域
002062.SZ,宏润建设,abs_股票领域
002063.SZ,远光软件,abs_股票领域
002064.SZ,华峰氨纶,abs_股票领域
002065.SZ,东华软件,abs_股票领域
002066.SZ,瑞泰科技,abs_股票领域
002067.SZ,景兴纸业,abs_股票领域
002068.SZ,黑猫股份,abs_股票领域
002069.SZ,獐子岛,abs_股票领域
002070.SZ,*ST众和,abs_股票领域
002071.SZ,长城影视,abs_股票领域
002072.SZ,凯瑞德,abs_股票领域
002073.SZ,软控股份,abs_股票领域
002074.SZ,国轩高科,abs_股票领域
002075.SZ,沙钢股份,abs_股票领域
002076.SZ,雪莱特,abs_股票领域
002077.SZ,大港股份,abs_股票领域
002078.SZ,太阳纸业,abs_股票领域
002079.SZ,苏州固锝,abs_股票领域
002080.SZ,中材科技,abs_股票领域
002081.SZ,金螳螂,abs_股票领域
002082.SZ,万邦德,abs_股票领域
002083.SZ,孚日股份,abs_股票领域
002084.SZ,海鸥住工,abs_股票领域
002085.SZ,万丰奥威,abs_股票领域
002086.SZ,东方海洋,abs_股票领域
002087.SZ,新野纺织,abs_股票领域
002088.SZ,鲁阳节能,abs_股票领域
002089.SZ,新海宜,abs_股票领域
002090.SZ,金智科技,abs_股票领域
002091.SZ,江苏国泰,abs_股票领域
002092.SZ,中泰化学,abs_股票领域
002093.SZ,国脉科技,abs_股票领域
002094.SZ,青岛金王,abs_股票领域
002095.SZ,生意宝,abs_股票领域
002096.SZ,南岭民爆,abs_股票领域
002097.SZ,山河智能,abs_股票领域
002098.SZ,浔兴股份,abs_股票领域
002099.SZ,海翔药业,abs_股票领域
002100.SZ,天康生物,abs_股票领域
002101.SZ,广东鸿图,abs_股票领域
002102.SZ,冠福股份,abs_股票领域
002103.SZ,广博股份,abs_股票领域
002104.SZ,恒宝股份,abs_股票领域
002105.SZ,信隆健康,abs_股票领域
002106.SZ,莱宝高科,abs_股票领域
002107.SZ,沃华医药,abs_股票领域
002108.SZ,沧州明珠,abs_股票领域
002109.SZ,兴化股份,abs_股票领域
002110.SZ,三钢闽光,abs_股票领域
002111.SZ,威海广泰,abs_股票领域
002112.SZ,三变科技,abs_股票领域
002113.SZ,天润数娱,abs_股票领域
002114.SZ,罗平锌电,abs_股票领域
002115.SZ,三维通信,abs_股票领域
002116.SZ,中国海诚,abs_股票领域
002117.SZ,东港股份,abs_股票领域
002118.SZ,紫鑫药业,abs_股票领域
002119.SZ,康强电子,abs_股票领域
002120.SZ,韵达股份,abs_股票领域
002121.SZ,科陆电子,abs_股票领域
002122.SZ,*ST天马,abs_股票领域
002123.SZ,梦网集团,abs_股票领域
002124.SZ,天邦股份,abs_股票领域
002125.SZ,湘潭电化,abs_股票领域
002126.SZ,银轮股份,abs_股票领域
002127.SZ,南极电商,abs_股票领域
002128.SZ,露天煤业,abs_股票领域
002129.SZ,中环股份,abs_股票领域
002130.SZ,沃尔核材,abs_股票领域
002131.SZ,利欧股份,abs_股票领域
002132.SZ,恒星科技,abs_股票领域
002133.SZ,广宇集团,abs_股票领域
002134.SZ,天津普林,abs_股票领域
002135.SZ,东南网架,abs_股票领域
002136.SZ,安纳达,abs_股票领域
002137.SZ,麦达数字,abs_股票领域
002138.SZ,顺络电子,abs_股票领域
002139.SZ,拓邦股份,abs_股票领域
002140.SZ,东华科技,abs_股票领域
002141.SZ,贤丰控股,abs_股票领域
002142.SZ,宁波银行,abs_股票领域
002143.SZ,印纪传媒,abs_股票领域
002144.SZ,宏达高科,abs_股票领域
002145.SZ,中核钛白,abs_股票领域
002146.SZ,荣盛发展,abs_股票领域
002147.SZ,新光圆成,abs_股票领域
002148.SZ,北纬科技,abs_股票领域
002149.SZ,西部材料,abs_股票领域
002150.SZ,通润装备,abs_股票领域
002151.SZ,北斗星通,abs_股票领域
002152.SZ,广电运通,abs_股票领域
002153.SZ,石基信息,abs_股票领域
002154.SZ,报喜鸟,abs_股票领域
002155.SZ,湖南黄金,abs_股票领域
002156.SZ,通富微电,abs_股票领域
002157.SZ,正邦科技,abs_股票领域
002158.SZ,汉钟精机,abs_股票领域
002159.SZ,三特索道,abs_股票领域
002160.SZ,常铝股份,abs_股票领域
002161.SZ,远望谷,abs_股票领域
002162.SZ,悦心健康,abs_股票领域
002163.SZ,中航三鑫,abs_股票领域
002164.SZ,宁波东力,abs_股票领域
002165.SZ,红宝丽,abs_股票领域
002166.SZ,莱茵生物,abs_股票领域
002167.SZ,东方锆业,abs_股票领域
002168.SZ,深圳惠程,abs_股票领域
002169.SZ,智光电气,abs_股票领域
002170.SZ,芭田股份,abs_股票领域
002171.SZ,楚江新材,abs_股票领域
002172.SZ,澳洋科技,abs_股票领域
002173.SZ,创新医疗,abs_股票领域
002174.SZ,游族网络,abs_股票领域
002175.SZ,东方网络,abs_股票领域
002176.SZ,江特电机,abs_股票领域
002177.SZ,御银股份,abs_股票领域
002178.SZ,延华智能,abs_股票领域
002179.SZ,中航光电,abs_股票领域
002180.SZ,纳思达,abs_股票领域
002181.SZ,粤传媒,abs_股票领域
002182.SZ,云海金属,abs_股票领域
002183.SZ,怡亚通,abs_股票领域
002184.SZ,海得控制,abs_股票领域
002185.SZ,华天科技,abs_股票领域
002186.SZ,全聚德,abs_股票领域
002187.SZ,广百股份,abs_股票领域
002188.SZ,*ST巴士,abs_股票领域
002189.SZ,利达光电,abs_股票领域
002190.SZ,成飞集成,abs_股票领域
002191.SZ,劲嘉股份,abs_股票领域
002192.SZ,融捷股份,abs_股票领域
002193.SZ,如意集团,abs_股票领域
002194.SZ,*ST凡谷,abs_股票领域
002195.SZ,二三四五,abs_股票领域
002196.SZ,方正电机,abs_股票领域
002197.SZ,证通电子,abs_股票领域
002198.SZ,嘉应制药,abs_股票领域
002199.SZ,东晶电子,abs_股票领域
002200.SZ,云投生态,abs_股票领域
002201.SZ,九鼎新材,abs_股票领域
002202.SZ,金风科技,abs_股票领域
002203.SZ,海亮股份,abs_股票领域
002204.SZ,大连重工,abs_股票领域
002205.SZ,国统股份,abs_股票领域
002206.SZ,海利得,abs_股票领域
002207.SZ,*ST准油,abs_股票领域
002208.SZ,合肥城建,abs_股票领域
002209.SZ,达意隆,abs_股票领域
002210.SZ,飞马国际,abs_股票领域
002211.SZ,宏达新材,abs_股票领域
002212.SZ,南洋股份,abs_股票领域
002213.SZ,特尔佳,abs_股票领域
002214.SZ,大立科技,abs_股票领域
002215.SZ,诺普信,abs_股票领域
002216.SZ,三全食品,abs_股票领域
002217.SZ,合力泰,abs_股票领域
002218.SZ,拓日新能,abs_股票领域
002219.SZ,恒康医疗,abs_股票领域
002220.SZ,天宝食品,abs_股票领域
002221.SZ,东华能源,abs_股票领域
002222.SZ,福晶科技,abs_股票领域
002223.SZ,鱼跃医疗,abs_股票领域
002224.SZ,三力士,abs_股票领域
002225.SZ,濮耐股份,abs_股票领域
002226.SZ,江南化工,abs_股票领域
002227.SZ,奥特迅,abs_股票领域
002228.SZ,合兴包装,abs_股票领域
002229.SZ,鸿博股份,abs_股票领域
002230.SZ,科大讯飞,abs_股票领域
002231.SZ,奥维通信,abs_股票领域
002232.SZ,启明信息,abs_股票领域
002233.SZ,塔牌集团,abs_股票领域
002234.SZ,民和股份,abs_股票领域
002235.SZ,安妮股份,abs_股票领域
002236.SZ,大华股份,abs_股票领域
002237.SZ,恒邦股份,abs_股票领域
002238.SZ,天威视讯,abs_股票领域
002239.SZ,奥特佳,abs_股票领域
002240.SZ,威华股份,abs_股票领域
002241.SZ,歌尔股份,abs_股票领域
002242.SZ,九阳股份,abs_股票领域
002243.SZ,通产丽星,abs_股票领域
002244.SZ,滨江集团,abs_股票领域
002245.SZ,澳洋顺昌,abs_股票领域
002246.SZ,北化股份,abs_股票领域
002247.SZ,帝龙文化,abs_股票领域
002248.SZ,华东数控,abs_股票领域
002249.SZ,大洋电机,abs_股票领域
002250.SZ,联化科技,abs_股票领域
002251.SZ,步步高,abs_股票领域
002252.SZ,上海莱士,abs_股票领域
002253.SZ,川大智胜,abs_股票领域
002254.SZ,泰和新材,abs_股票领域
002255.SZ,海陆重工,abs_股票领域
002256.SZ,兆新股份,abs_股票领域
002258.SZ,利尔化学,abs_股票领域
002259.SZ,升达林业,abs_股票领域
002260.SZ,*ST德奥,abs_股票领域
002261.SZ,拓维信息,abs_股票领域
002262.SZ,恩华药业,abs_股票领域
002263.SZ,*ST东南,abs_股票领域
002264.SZ,新华都,abs_股票领域
002265.SZ,西仪股份,abs_股票领域
002266.SZ,浙富控股,abs_股票领域
002267.SZ,陕天然气,abs_股票领域
002268.SZ,卫士通,abs_股票领域
002269.SZ,美邦服饰,abs_股票领域
002270.SZ,华明装备,abs_股票领域
002271.SZ,东方雨虹,abs_股票领域
002272.SZ,川润股份,abs_股票领域
002273.SZ,水晶光电,abs_股票领域
002274.SZ,华昌化工,abs_股票领域
002275.SZ,桂林三金,abs_股票领域
002276.SZ,万马股份,abs_股票领域
002277.SZ,友阿股份,abs_股票领域
002278.SZ,神开股份,abs_股票领域
002279.SZ,久其软件,abs_股票领域
002280.SZ,联络互动,abs_股票领域
002281.SZ,光迅科技,abs_股票领域
002282.SZ,博深工具,abs_股票领域
002283.SZ,天润曲轴,abs_股票领域
002284.SZ,亚太股份,abs_股票领域
002285.SZ,世联行,abs_股票领域
002286.SZ,保龄宝,abs_股票领域
002287.SZ,奇正藏药,abs_股票领域
002288.SZ,超华科技,abs_股票领域
002289.SZ,宇顺电子,abs_股票领域
002290.SZ,中科新材,abs_股票领域
002291.SZ,星期六,abs_股票领域
002292.SZ,奥飞娱乐,abs_股票领域
002293.SZ,罗莱生活,abs_股票领域
002294.SZ,信立泰,abs_股票领域
002295.SZ,精艺股份,abs_股票领域
002296.SZ,辉煌科技,abs_股票领域
002297.SZ,博云新材,abs_股票领域
002298.SZ,中电鑫龙,abs_股票领域
002299.SZ,圣农发展,abs_股票领域
002300.SZ,太阳电缆,abs_股票领域
002301.SZ,齐心集团,abs_股票领域
002302.SZ,西部建设,abs_股票领域
002303.SZ,美盈森,abs_股票领域
002304.SZ,洋河股份,abs_股票领域
002305.SZ,南国置业,abs_股票领域
002306.SZ,*ST云网,abs_股票领域
002307.SZ,北新路桥,abs_股票领域
002308.SZ,威创股份,abs_股票领域
002309.SZ,中利集团,abs_股票领域
002310.SZ,东方园林,abs_股票领域
002311.SZ,海大集团,abs_股票领域
002312.SZ,三泰控股,abs_股票领域
002313.SZ,日海通讯,abs_股票领域
002314.SZ,南山控股,abs_股票领域
002315.SZ,焦点科技,abs_股票领域
002316.SZ,键桥通讯,abs_股票领域
002317.SZ,众生药业,abs_股票领域
002318.SZ,久立特材,abs_股票领域
002319.SZ,乐通股份,abs_股票领域
002320.SZ,海峡股份,abs_股票领域
002321.SZ,华英农业,abs_股票领域
002322.SZ,理工环科,abs_股票领域
002323.SZ,雅百特,abs_股票领域
002324.SZ,普利特,abs_股票领域
002325.SZ,洪涛股份,abs_股票领域
002326.SZ,永太科技,abs_股票领域
002327.SZ,富安娜,abs_股票领域
002328.SZ,新朋股份,abs_股票领域
002329.SZ,皇氏集团,abs_股票领域
002330.SZ,得利斯,abs_股票领域
002331.SZ,皖通科技,abs_股票领域
002332.SZ,仙琚制药,abs_股票领域
002333.SZ,罗普斯金,abs_股票领域
002334.SZ,英威腾,abs_股票领域
002335.SZ,科华恒盛,abs_股票领域
002336.SZ,人人乐,abs_股票领域
002337.SZ,赛象科技,abs_股票领域
002338.SZ,奥普光电,abs_股票领域
002339.SZ,积成电子,abs_股票领域
002340.SZ,格林美,abs_股票领域
002341.SZ,新纶科技,abs_股票领域
002342.SZ,巨力索具,abs_股票领域
002343.SZ,慈文传媒,abs_股票领域
002344.SZ,海宁皮城,abs_股票领域
002345.SZ,潮宏基,abs_股票领域
002346.SZ,柘中股份,abs_股票领域
002347.SZ,泰尔股份,abs_股票领域
002348.SZ,高乐股份,abs_股票领域
002349.SZ,精华制药,abs_股票领域
002350.SZ,北京科锐,abs_股票领域
002351.SZ,漫步者,abs_股票领域
002352.SZ,顺丰控股,abs_股票领域
002353.SZ,杰瑞股份,abs_股票领域
002354.SZ,天神娱乐,abs_股票领域
002355.SZ,兴民智通,abs_股票领域
002356.SZ,赫美集团,abs_股票领域
002357.SZ,富临运业,abs_股票领域
002358.SZ,森源电气,abs_股票领域
002359.SZ,北讯集团,abs_股票领域
002360.SZ,同德化工,abs_股票领域
002361.SZ,神剑股份,abs_股票领域
002362.SZ,汉王科技,abs_股票领域
002363.SZ,隆基机械,abs_股票领域
002364.SZ,中恒电气,abs_股票领域
002365.SZ,永安药业,abs_股票领域
002366.SZ,台海核电,abs_股票领域
002367.SZ,康力电梯,abs_股票领域
002368.SZ,太极股份,abs_股票领域
002369.SZ,卓翼科技,abs_股票领域
002370.SZ,亚太药业,abs_股票领域
002371.SZ,北方华创,abs_股票领域
002372.SZ,伟星新材,abs_股票领域
002373.SZ,千方科技,abs_股票领域
002374.SZ,丽鹏股份,abs_股票领域
002375.SZ,亚厦股份,abs_股票领域
002376.SZ,新北洋,abs_股票领域
002377.SZ,国创高新,abs_股票领域
002378.SZ,章源钨业,abs_股票领域
002379.SZ,宏创控股,abs_股票领域
002380.SZ,科远股份,abs_股票领域
002381.SZ,双箭股份,abs_股票领域
002382.SZ,蓝帆医疗,abs_股票领域
002383.SZ,合众思壮,abs_股票领域
002384.SZ,东山精密,abs_股票领域
002385.SZ,大北农,abs_股票领域
002386.SZ,天原集团,abs_股票领域
002387.SZ,黑牛食品,abs_股票领域
002388.SZ,新亚制程,abs_股票领域
002389.SZ,南洋科技,abs_股票领域
002390.SZ,信邦制药,abs_股票领域
002391.SZ,长青股份,abs_股票领域
002392.SZ,北京利尔,abs_股票领域
002393.SZ,力生制药,abs_股票领域
002394.SZ,联发股份,abs_股票领域
002395.SZ,双象股份,abs_股票领域
002396.SZ,星网锐捷,abs_股票领域
002397.SZ,梦洁股份,abs_股票领域
002398.SZ,建研集团,abs_股票领域
002399.SZ,海普瑞,abs_股票领域
002400.SZ,省广集团,abs_股票领域
002401.SZ,中远海科,abs_股票领域
002402.SZ,和而泰,abs_股票领域
002403.SZ,爱仕达,abs_股票领域
002404.SZ,嘉欣丝绸,abs_股票领域
002405.SZ,四维图新,abs_股票领域
002406.SZ,远东传动,abs_股票领域
002407.SZ,多氟多,abs_股票领域
002408.SZ,齐翔腾达,abs_股票领域
002409.SZ,雅克科技,abs_股票领域
002410.SZ,广联达,abs_股票领域
002411.SZ,必康股份,abs_股票领域
002412.SZ,汉森制药,abs_股票领域
002413.SZ,雷科防务,abs_股票领域
002414.SZ,高德红外,abs_股票领域
002415.SZ,海康威视,abs_股票领域
002416.SZ,爱施德,abs_股票领域
002417.SZ,深南股份,abs_股票领域
002418.SZ,康盛股份,abs_股票领域
002419.SZ,天虹股份,abs_股票领域
002420.SZ,毅昌股份,abs_股票领域
002421.SZ,达实智能,abs_股票领域
002422.SZ,科伦药业,abs_股票领域
002423.SZ,中原特钢,abs_股票领域
002424.SZ,贵州百灵,abs_股票领域
002425.SZ,凯撒文化,abs_股票领域
002426.SZ,胜利精密,abs_股票领域
002427.SZ,*ST尤夫,abs_股票领域
002428.SZ,云南锗业,abs_股票领域
002429.SZ,兆驰股份,abs_股票领域
002430.SZ,杭氧股份,abs_股票领域
002431.SZ,棕榈股份,abs_股票领域
002432.SZ,九安医疗,abs_股票领域
002433.SZ,太安堂,abs_股票领域
002434.SZ,万里扬,abs_股票领域
002435.SZ,长江润发,abs_股票领域
002436.SZ,兴森科技,abs_股票领域
002437.SZ,誉衡药业,abs_股票领域
002438.SZ,江苏神通,abs_股票领域
002439.SZ,启明星辰,abs_股票领域
002440.SZ,闰土股份,abs_股票领域
002441.SZ,众业达,abs_股票领域
002442.SZ,龙星化工,abs_股票领域
002443.SZ,金洲管道,abs_股票领域
002444.SZ,巨星科技,abs_股票领域
002445.SZ,中南文化,abs_股票领域
002446.SZ,盛路通信,abs_股票领域
002447.SZ,晨鑫科技,abs_股票领域
002448.SZ,中原内配,abs_股票领域
002449.SZ,国星光电,abs_股票领域
002450.SZ,康得新,abs_股票领域
002451.SZ,摩恩电气,abs_股票领域
002452.SZ,长高集团,abs_股票领域
002453.SZ,天马精化,abs_股票领域
002454.SZ,松芝股份,abs_股票领域
002455.SZ,百川股份,abs_股票领域
002456.SZ,欧菲科技,abs_股票领域
002457.SZ,青龙管业,abs_股票领域
002458.SZ,益生股份,abs_股票领域
002459.SZ,天业通联,abs_股票领域
002460.SZ,赣锋锂业,abs_股票领域
002461.SZ,珠江啤酒,abs_股票领域
002462.SZ,嘉事堂,abs_股票领域
002463.SZ,沪电股份,abs_股票领域
002464.SZ,众应互联,abs_股票领域
002465.SZ,海格通信,abs_股票领域
002466.SZ,天齐锂业,abs_股票领域
002467.SZ,二六三,abs_股票领域
002468.SZ,申通快递,abs_股票领域
002469.SZ,三维工程,abs_股票领域
002470.SZ,金正大,abs_股票领域
002471.SZ,中超控股,abs_股票领域
002472.SZ,双环传动,abs_股票领域
002473.SZ,*ST圣莱,abs_股票领域
002474.SZ,榕基软件,abs_股票领域
002475.SZ,立讯精密,abs_股票领域
002476.SZ,宝莫股份,abs_股票领域
002477.SZ,雏鹰农牧,abs_股票领域
002478.SZ,常宝股份,abs_股票领域
002479.SZ,富春环保,abs_股票领域
002480.SZ,新筑股份,abs_股票领域
002481.SZ,双塔食品,abs_股票领域
002482.SZ,广田集团,abs_股票领域
002483.SZ,润邦股份,abs_股票领域
002484.SZ,江海股份,abs_股票领域
002485.SZ,希努尔,abs_股票领域
002486.SZ,嘉麟杰,abs_股票领域
002487.SZ,大金重工,abs_股票领域
002488.SZ,金固股份,abs_股票领域
002489.SZ,浙江永强,abs_股票领域
002490.SZ,山东墨龙,abs_股票领域
002491.SZ,通鼎互联,abs_股票领域
002492.SZ,恒基达鑫,abs_股票领域
002493.SZ,荣盛石化,abs_股票领域
002494.SZ,华斯股份,abs_股票领域
002495.SZ,佳隆股份,abs_股票领域
002496.SZ,辉丰股份,abs_股票领域
002497.SZ,雅化集团,abs_股票领域
002498.SZ,汉缆股份,abs_股票领域
002499.SZ,科林环保,abs_股票领域
002500.SZ,山西证券,abs_股票领域
002501.SZ,利源精制,abs_股票领域
002502.SZ,骅威文化,abs_股票领域
002503.SZ,搜于特,abs_股票领域
002504.SZ,弘高创意,abs_股票领域
002505.SZ,大康农业,abs_股票领域
002506.SZ,协鑫集成,abs_股票领域
002507.SZ,涪陵榨菜,abs_股票领域
002508.SZ,老板电器,abs_股票领域
002509.SZ,天广中茂,abs_股票领域
002510.SZ,天汽模,abs_股票领域
002511.SZ,中顺洁柔,abs_股票领域
002512.SZ,达华智能,abs_股票领域
002513.SZ,蓝丰生化,abs_股票领域
002514.SZ,宝馨科技,abs_股票领域
002515.SZ,金字火腿,abs_股票领域
002516.SZ,旷达科技,abs_股票领域
002517.SZ,恺英网络,abs_股票领域
002518.SZ,科士达,abs_股票领域
002519.SZ,银河电子,abs_股票领域
002520.SZ,日发精机,abs_股票领域
002521.SZ,齐峰新材,abs_股票领域
002522.SZ,浙江众成,abs_股票领域
002523.SZ,天桥起重,abs_股票领域
002524.SZ,光正集团,abs_股票领域
002526.SZ,山东矿机,abs_股票领域
002527.SZ,新时达,abs_股票领域
002528.SZ,英飞拓,abs_股票领域
002529.SZ,海源机械,abs_股票领域
002530.SZ,金财互联,abs_股票领域
002531.SZ,天顺风能,abs_股票领域
002532.SZ,新界泵业,abs_股票领域
002533.SZ,金杯电工,abs_股票领域
002534.SZ,杭锅股份,abs_股票领域
002535.SZ,林州重机,abs_股票领域
002536.SZ,西泵股份,abs_股票领域
002537.SZ,海联金汇,abs_股票领域
